user_name,first_name,last_name,email,password
mlatliff0,Morten,Latliff,mlatliff0@mashable.com,HSJhru57
jpeirazzi1,Jazmin,Peirazzi,jpeirazzi1@google.ru,AKKqtc30
hhogben2,Herminia,Hogben,hhogben2@cbc.ca,XGAvlm21
ameriton3,Adrianna,Meriton,ameriton3@addtoany.com,MHLgco66
crabl4,Cori,Rabl,crabl4@hugedomains.com,ZPMvry06
educkit5,Eugenia,Duckit,educkit5@alibaba.com,HXTpow25
fhing6,Fina,Hing,fhing6@msn.com,PDGbno83
mkimbell7,Merola,Kimbell,mkimbell7@unesco.org,OTCqun59
echampneys8,Edlin,Champneys,echampneys8@nyu.edu,CMCdxx83
ljiruca9,Lock,Jiruca,ljiruca9@cloudflare.com,CRHseh55
boharneya,Barry,O'Harney,boharneya@admin.ch,DWZfqw35
eamerb,Edeline,Amer,eamerb@google.co.jp,USXnpn01
lderisleyc,Latia,Derisley,lderisleyc@cornell.edu,OMCsbv15
scoldbathed,Shellie,Coldbathe,scoldbathed@yellowbook.com,NOWwcb77
rharborowe,Robina,Harborow,rharborowe@tamu.edu,NQKhfc12
cleyref,Crista,Leyre,cleyref@so-net.ne.jp,UNQefx86
dchildrensg,Dominica,Childrens,dchildrensg@biblegateway.com,QYSdqn47
mglassborowh,Minor,Glassborow,mglassborowh@delicious.com,GVDgiy28
bmontforti,Bessy,Montfort,bmontforti@shop-pro.jp,BHJqic99
amccorleyj,Anni,Mc Corley,amccorleyj@who.int,HGNjmi29
jostlerk,Jessi,Ostler,jostlerk@usatoday.com,ENHjxm30
idonaghyl,Ingemar,Donaghy,idonaghyl@bloglines.com,GRIyxw91
kshirilm,Katharina,Shiril,kshirilm@dyndns.org,DOWtfw13
jbrailsfordn,Jacquelyn,Brailsford,jbrailsfordn@prlog.org,DDDsri59
ncrampo,Nickey,Cramp,ncrampo@nhs.uk,ZSVcdc91
ejeevesp,Erek,Jeeves,ejeevesp@salon.com,JIMphc78
bespinosq,Blinnie,Espinos,bespinosq@globo.com,WXVfpp44
cellickr,Culver,Ellick,cellickr@edublogs.org,KJIwbp34
rlampertis,Renie,Lamperti,rlampertis@tripod.com,GQYgol14
dhinkenst,Darlene,Hinkens,dhinkenst@canalblog.com,KJSbii08
ccanaanu,Catharina,Canaan,ccanaanu@sohu.com,LTDopj23
vaindraisv,Viole,Aindrais,vaindraisv@sbwire.com,YBUvgk26
dwhinneyw,Debbie,Whinney,dwhinneyw@ox.ac.uk,MSOwwx44
ljordanx,Letta,Jordan,ljordanx@meetup.com,DWVmoz63
bsinkingsy,Burty,Sinkings,bsinkingsy@bloomberg.com,XQXmph34
kstanyanz,Kamilah,Stanyan,kstanyanz@china.com.cn,KEDsgv84
dcorgenvin10,Daisey,Corgenvin,dcorgenvin10@redcross.org,TKLgcc57
lcopnall11,Lelah,Copnall,lcopnall11@dedecms.com,TDPlss83
rgleeson12,Rawley,Gleeson,rgleeson12@answers.com,YLLxrs81
xskett13,Xerxes,Skett,xskett13@nydailynews.com,LKOsjm46
clangland14,Chauncey,Langland,clangland14@unesco.org,DVDkgr78
cadess15,Charmian,Adess,cadess15@discovery.com,CLWajj44
sclew16,Sergei,Clew,sclew16@dagondesign.com,FLLkpi76
cspurier17,Chloris,Spurier,cspurier17@state.tx.us,THDnsb29
cberg18,Cristal,Berg,cberg18@merriam-webster.com,PWCqvr03
abalbeck19,Ashli,Balbeck,abalbeck19@odnoklassniki.ru,DWCyxn49
awoolpert1a,Alika,Woolpert,awoolpert1a@arizona.edu,GDZnxy16
mgaffey1b,Moina,Gaffey,mgaffey1b@goodreads.com,OGTcyp95
dstennings1c,Dag,Stennings,dstennings1c@prlog.org,QFJjur10
zavory1d,Zak,Avory,zavory1d@mapquest.com,UPUuar59
mritchley1e,Meade,Ritchley,mritchley1e@etsy.com,YVUybo66
rfarren1f,Roderigo,Farren,rfarren1f@economist.com,TYKthk33
sfenkel1g,Selinda,Fenkel,sfenkel1g@mit.edu,INSkkj97
gkave1h,Glen,Kave,gkave1h@addthis.com,LIThiq67
cnightingale1i,Clint,Nightingale,cnightingale1i@mac.com,GTStro74
mohenery1j,Melinda,O'Henery,mohenery1j@histats.com,FUOdzv03
bthornton1k,Broddie,Thornton,bthornton1k@printfriendly.com,PJKgni68
bplowright1l,Brion,Plowright,bplowright1l@people.com.cn,XUPktb24
isterrie1m,Ivory,Sterrie,isterrie1m@ow.ly,LJZzdx31
aahearne1n,Ara,Ahearne,aahearne1n@reverbnation.com,GBNrdt26
lfieldhouse1o,Leland,Fieldhouse,lfieldhouse1o@prnewswire.com,YEOnas76
noconnell1p,Nari,O'Connell,noconnell1p@123-reg.co.uk,ESGino57
kbourtoumieux1q,Keith,Bourtoumieux,kbourtoumieux1q@wikimedia.org,RLKzes43
kluxmoore1r,Kingsly,Luxmoore,kluxmoore1r@ted.com,FXGtst52
aalenichev1s,Alain,Alenichev,aalenichev1s@mit.edu,VKCiiw61
cprine1t,Constanta,Prine,cprine1t@ucsd.edu,IURotw82
nabley1u,Nanete,Abley,nabley1u@ebay.co.uk,SALpnb33
bmatschke1v,Basilius,Matschke,bmatschke1v@quantcast.com,AIFhwq49
swisher1w,Shalom,Wisher,swisher1w@theguardian.com,IUGboo71
jpickersail1x,Junina,Pickersail,jpickersail1x@php.net,BAUpwn55
sredihalgh1y,Susi,Redihalgh,sredihalgh1y@businessweek.com,KQKiyv81
bmclleese1z,Birdie,McLleese,bmclleese1z@answers.com,FCFwyf73
tsesser20,Tierney,Sesser,tsesser20@biblegateway.com,MISfeo14
wmarcoolyn21,Wilt,Marcoolyn,wmarcoolyn21@toplist.cz,CTAtoh09
ymccracken22,Yolane,McCracken,ymccracken22@macromedia.com,YREmhd43
ghundey23,Georgi,Hundey,ghundey23@bbc.co.uk,VEIkjp74
hwalklett24,Harrietta,Walklett,hwalklett24@oracle.com,VLPepn96
rdurrington25,Rhiamon,Durrington,rdurrington25@canalblog.com,AHPigm63
gmarritt26,Gwenni,Marritt,gmarritt26@earthlink.net,MKCllg06
asturgis27,Ainslee,Sturgis,asturgis27@bloomberg.com,IJNmpg25
mhalgarth28,Malchy,Halgarth,mhalgarth28@sbwire.com,KCEmql64
ljiggins29,Lucie,Jiggins,ljiggins29@furl.net,CNQbzq45
mboykett2a,Marsiella,Boykett,mboykett2a@is.gd,IIKjmm75
rwelman2b,Roarke,Welman,rwelman2b@tamu.edu,DNUmwv90
rnesey2c,Rand,Nesey,rnesey2c@soup.io,CPBzif84
wtrasler2d,Washington,Trasler,wtrasler2d@posterous.com,SCDgeq25
afortie2e,Ajay,Fortie,afortie2e@cpanel.net,FUShvu17
adeetlefs2f,Arthur,Deetlefs,adeetlefs2f@apache.org,IUOtsv89
rdod2g,Raviv,Dod,rdod2g@rediff.com,HCGmkd25
pgueinn2h,Pepita,Gueinn,pgueinn2h@so-net.ne.jp,ITQjqm03
mdunsleve2i,Minor,Dunsleve,mdunsleve2i@apache.org,OLLepi21
asilver2j,Adah,Silver,asilver2j@weebly.com,SGSfbu37
mgillam2k,Malcolm,Gillam,mgillam2k@wufoo.com,WQMnag69
awickrath2l,Avery,Wickrath,awickrath2l@wiley.com,LZOnfd08
cfawdery2m,Cilka,Fawdery,cfawdery2m@blogtalkradio.com,YUJvws46
jmcimmie2n,Judie,Mcimmie,jmcimmie2n@pinterest.com,LBPvlj24
eboxell2o,Elberta,Boxell,eboxell2o@fda.gov,ECYqyr68
owiggans2p,Orlan,Wiggans,owiggans2p@free.fr,JVClun45
hmcmackin2q,Harper,McMackin,hmcmackin2q@squarespace.com,RRZakf81
hclausen2r,Harli,Clausen,hclausen2r@netvibes.com,CDDrvf19
